id,type,facultyId,specializationShortName,studyYear,groupName,subgroupIndex,isModular,orarId
29,1,1,AIA,1,3211,a,0,9
30,1,1,AIA,1,3211,b,0,9
921,1,1,AIA,1,3212,a,0,9
39,1,1,AIA,2,3221,a,0,10
38,1,1,AIA,2,3221,b,0,10
47,1,1,AIA,3,3231,a,0,11
924,1,1,AIA,3,3231,b,0,11
53,1,1,AIA,4,3241,a,0,12
984,1,1,AIA,4,3241,b,0,12
2329,1,1,AIA_DUAL,1,grupa1,a,0,9
20,1,1,C,1,3111,a,0,9
21,1,1,C,1,3111,b,0,9
23,1,1,C,1,3112,a,0,9
24,1,1,C,1,3112,b,0,9
831,1,1,C,1,3113,a,0,9
1028,1,1,C,1,3113,b,0,9
933,1,1,C,1,3114,a,0,9
1261,1,1,C,1,3114,b,0,9
33,1,1,C,2,3121,a,0,10
34,1,1,C,2,3121,b,0,10
35,1,1,C,2,3122,a,0,10
36,1,1,C,2,3122,b,0,10
884,1,1,C,2,3123,a,0,10
936,1,1,C,2,3123,b,0,10
1086,1,1,C,2,3124,a,0,10
2330,1,1,C,2,3124,b,0,10
43,1,1,C,3,3131,a,0,11
44,1,1,C,3,3131,b,0,11
46,1,1,C,3,3132,a,0,11
1030,1,1,C,3,3133,a,0,11
937,1,1,C,3,3133,b,0,11
749,1,1,C,3,3134,a,0,11
49,1,1,C,4,3141,a,0,12
50,1,1,C,4,3141,b,0,12
51,1,1,C,4,3142,a,0,12
2333,1,1,C,4,3142,b,0,12
1090,1,1,C,4,3143,a,0,12
938,1,1,C,4,3143,b,0,12
2334,1,1,C,4,3143,c,0,12
2182,1,1,C_DUAL,1,grupa1,a,0,9
2328,1,1,C_DUAL,1,grupa1,b,0,9
2241,3,1,Conv. TIC,1,grupa TIC1,,1,320
2289,3,1,Conv. TIC,2,grupa TIC2,,1,328
57,1,1,EN,1,3411,a,0,13
2170,1,1,EN,1,3411,b,0,13
63,1,1,EN,2,3421,a,0,14
68,1,1,EN,3,3431,a,0,15
2259,1,1,ESCCA,1,3611,a,0,13
2015,1,1,ESCCA,1,3611,b,0,13
2083,1,1,ESCCA,2,3621,a,0,14
2172,1,1,ESCCA,3,3631,a,0,15
2262,1,1,ESCCA,4,3641,a,0,16
2013,1,1,ESM,1,31011,a,0,13
2335,1,1,ESM,1,31011,b,0,13
2082,1,1,ESM,2,31021,a,0,14
2171,1,1,ESM,3,31031,a,0,15
2261,1,1,ESM,4,31041,a,0,16
31,1,1,ETTI,1,3311,a,0,9
32,1,1,ETTI,1,3311,b,0,9
2183,1,1,ETTI,1,3312,a,0,9
41,1,1,ETTI,2,3321,a,0,10
2256,1,1,ETTI,2,3321,b,0,10
2239,1,1,FIESC - CR,1,AIA+EA,,0,9
2138,1,1,FIESC - CR,1,C,1,0,9
2153,1,1,FIESC - CR,1,C,2,0,9
2142,1,1,FIESC - CR,1,grupa1,,0,13
2151,1,1,FIESC - CR,2,AIA,,0,10
2139,1,1,FIESC - CR,2,C,1,0,10
2150,1,1,FIESC - CR,2,C,2,0,10
2243,1,1,FIESC - CR,2,C,3,0,10
2152,1,1,FIESC - CR,2,EA,,0,10
2143,1,1,FIESC - CR,2,grupa1,,0,14
2240,1,1,FIESC - CR,3,AIA+EA,,0,11
2140,1,1,FIESC - CR,3,C,,0,11
2144,1,1,FIESC - CR,3,grupa1,,0,15
2141,1,1,FIESC - CR,4,grupa1,,0,12
2146,1,1,FIESC - CR,4,grupa1,,0,16
72,1,1,ME,4,3441,a,0,16
894,2,1,RCC,1,31111,a,0,260
2264,2,1,RCC,1,31111,b,0,260
941,2,1,RCC,2,31121,a,0,270
48,1,1,RST,3,3331,a,0,11
2331,1,1,RST,3,3331,b,0,11
55,1,1,RST,4,3341,a,0,12
2174,2,1,SC,1,31211,a,0,312
2263,2,1,SC,1,31211,b,0,312
2255,2,1,SC,2,31221,a,0,322
59,1,1,SE,1,3511,a,0,13
2081,1,1,SE,1,3511,b,0,13
2258,1,1,SE,1,3512,a,0,13
64,1,1,SE,2,3521,a,0,14
2181,1,1,SE,2,3521,b,0,14
69,1,1,SE,3,3531,a,0,15
888,1,1,SE,4,3541,a,0,16
2336,1,1,SE_DUAL,1,grupa1,a,0,13
148,2,1,SIC,1,3711,a,0,30
892,2,1,SIC,1,3711,b,0,30
2189,2,1,SIC,1,3712,a,0,30
161,2,1,SIC,2,3721,a,0,37
893,2,1,SIC,2,3721,b,0,37
157,2,1,SMCPE,1,3911,a,0,35
2190,2,1,SMCPE,1,3911,b,0,35
2098,2,1,SMCPE,2,3921,a,0,311
2332,2,1,SMCPE,2,3921,b,0,311
159,2,1,TAMAE,1,3811,a,0,34
166,2,1,TAMAE,2,3821,a,0,40
1234,1,2,AR,1,4511,a,0,17
1235,1,2,AR,1,4511,b,0,17
1236,1,2,AR,1,4512,a,0,17
2246,1,2,AR,1,4512,b,0,17
2106,1,2,AR,2,4521,a,0,18
2247,1,2,AR,2,4521,b,0,18
2366,1,2,AR,2,4522,a,0,18
2195,1,2,AR,3,4531,a,0,19
2196,1,2,AR,3,4531,b,0,19
2249,1,2,AR,4,4541,a,0,20
2250,1,2,AR,4,4541,b,0,20
2110,1,2,FIMAR-CR,1,grupa1,a,0,17
2111,1,2,FIMAR-CR,2,grupa1,a,0,18
2112,1,2,FIMAR-CR,3,grupa1,a,0,19
2113,1,2,FIMAR-CR,4,grupa1,a,0,20
1080,1,2,IM,1,4911,a,0,17
1182,1,2,IM,2,4921,a,0,18
1238,1,2,IM,3,4931,a,0,19
1241,1,2,IM,4,4941,a,0,20
2362,1,2,IM_DUAL,1,4912,a,0,17
2375,1,2,IM_DUAL,1,4912,b,0,17
266,2,2,IMCSSM,1,4711,a,0,79
512,2,2,IMCSSM,1,4711,b,0,79
516,2,2,IMCSSM,2,4721,a,0,244
2367,2,2,IMCSSM,2,4721,b,0,244
850,2,2,MA,2,4811,a,0,244
2251,2,2,MAU,1,4811,a,0,79
2252,2,2,MAU,1,4811,b,0,79
76,1,2,MCT,1,4111,a,0,17
946,1,2,MCT,1,4111,b,0,17
87,1,2,MCT,2,4121,a,0,18
2363,1,2,MCT,2,4121,b,0,18
2248,1,2,MCT,3,4131,a,0,19
100,1,2,MCT,4,4141,a,0,20
258,1,2,MCT,4,4141,b,0,20
2244,1,2,TCM,1,4211,a,0,17
2245,1,2,TCM,1,4211,b,0,17
2364,1,2,TCM,2,4221,a,0,18
2365,1,2,TCM,2,4221,b,0,18
1079,1,2,TCM_DUAL,1,4212,a,0,17
352,1,3,EFS,1,1111,a,0,103
826,1,3,EFS,1,1111,b,0,103
915,1,3,EFS,1,1112,a,0,103
1138,1,3,EFS,1,1112,b,0,103
1139,1,3,EFS,1,1113,a,0,103
2004,1,3,EFS,1,1113,b,0,103
360,1,3,EFS,2,1121,a,0,104
1141,1,3,EFS,2,1121,b,0,104
876,1,3,EFS,2,1122,a,0,104
2010,1,3,EFS,2,1122,b,0,104
2347,1,3,EFS,2,1123,a,0,104
364,1,3,EFS,3,1131,a,0,105
917,1,3,EFS,3,1131,b,0,105
366,1,3,EFS,3,1132,a,0,105
1260,1,3,EFS,3,1132,b,0,105
527,2,3,EFSAE,1,M11,a,0,178
2005,2,3,EFSAE,1,M11,b,0,178
596,2,3,EFSAE,2,M21,a,0,200
1232,2,3,EFSAE,2,M21,b,0,200
2000,1,3,KMS,1,1115,a,0,103
2001,1,3,KMS,1,1115,b,0,103
2008,1,3,KMS,1,1116,a,0,103
2009,1,3,KMS,1,1116,b,0,103
2043,1,3,KMS,1,1117,a,0,103
362,1,3,KMS,2,1124,a,0,104
1153,1,3,KMS,2,1124,b,0,104
978,1,3,KMS,2,1125,a,0,104
1097,1,3,KMS,2,1125,b,0,104
1143,1,3,KMS,3,1134,a,0,105
1154,1,3,KMS,3,1134,b,0,105
1144,1,3,KMS,3,1135,a,0,105
1155,1,3,KMS,3,1135,b,0,105
1041,2,3,KRMC,1,M13,a,0,178
2154,2,3,KRMC,1,M13,b,0,178
1100,2,3,KRMC,2,M22,a,0,200
2254,2,3,KRMC,2,M22,b,0,200
302,1,4,CEPA,1,grupa 1,a,0,89
303,1,4,CEPA,1,grupa 1,b,0,89
315,1,4,CEPA,2,grupa 1,a,0,92
316,1,4,CEPA,2,grupa 1,b,0,92
326,1,4,CEPA,3,grupa 1,a,0,95
327,1,4,CEPA,3,grupa 1,b,0,95
335,1,4,CEPA,4,grupa 1,a,0,97
336,1,4,CEPA,4,grupa 1,b,0,97
299,1,4,IPA,1,grupa 1,a,0,88
300,1,4,IPA,1,grupa 1,b,0,88
311,1,4,IPA,2,grupa 1,a,0,91
323,1,4,IPA,3,grupa 1,a,0,94
332,1,4,IPA,4,grupa 1,a,0,96
333,1,4,IPA,4,grupa 1,b,0,96
341,2,4,MCEPA,1,grupa 1,a,0,99
962,2,4,MCEPA,1,grupa 1,b,0,99
349,2,4,MCEPA,2,grupa 1,a,0,102
945,2,4,MCEPA,2,grupa 1,b,0,102
345,2,4,MIASP,1,grupa 1,a,0,100
346,2,4,MIASP,1,grupa 1,b,0,100
593,2,4,MIASP,2,grupa 1,a,0,199
2379,2,4,MIASP,2,grupa 1,b,0,199
339,2,4,MSMSA,1,grupa 1,a,0,204
2376,2,4,MSMSA,1,grupa 1,b,0,204
753,2,4,MSMSA,2,grupa 1,a,0,208
2377,2,4,MSMSA,2,grupa 1,b,0,208
295,1,4,PCM,1,grupa 1,a,0,87
296,1,4,PCM,1,grupa 1,b,0,87
308,1,4,PCM,2,grupa 1,a,0,90
309,1,4,PCM,2,grupa 1,b,0,90
879,1,4,PCM,3,grupa 1,a,0,258
2378,1,4,PCM,3,grupa 1,b,0,258
943,1,4,PCM,4,grupa 1,a,0,271
121,1,5,Asist. Soc,1,grupa1,,0,24
124,1,5,Asist. Soc,1,grupa2,,0,24
122,1,5,Asist. Soc,2,grupa1,,0,25
1020,1,5,Asist. Soc,2,grupa2,,0,25
123,1,5,Asist. Soc,3,grupa1,,0,26
2342,2,5,EAAEO,1,grupa1,,0,334
2201,3,5,Fil.(Conv),1,grupa1,,0,314
2268,3,5,Fil.(Conv),2,grupa1,,0,325
238,1,5,G,1,grupa1,a,0,69
2050,1,5,G,1,grupa1,b,0,69
246,1,5,G,2,grupa1,a,0,71
2053,1,5,G,2,grupa1,b,0,71
2052,1,5,G,3,grupa1,a,0,70
242,1,5,G,3,grupa1,b,0,70
2310,1,5,G (ID),1,grupa 1,,1,330
2387,1,5,G (ID),2,grupa1,,1,339
2055,2,5,GISPT,1,grupa1,,1,298
2054,2,5,GISPT,1,grupa1,,1,75
283,2,5,GISPT,2,grupa1,,1,76
234,1,5,GT,1,grupa1,a,0,69
2049,1,5,GT,1,grupa1,b,0,69
1055,1,5,GT,1,grupa2,a,0,69
243,1,5,GT,2,grupa1,a,0,71
2373,1,5,GT,2,grupa1,b,0,71
239,1,5,GT,3,grupa1,a,0,70
2202,2,5,IPIS,1,grupa1,,0,315
2266,2,5,IPIS,2,grupa1,,0,323
106,1,5,Ist.,1,grupa1,,0,21
107,1,5,Ist.,2,grupa1,,0,22
108,1,5,Ist.,3,grupa1,,0,23
1112,3,5,Ist.(Conv),1,grupa1,,0,284
1113,3,5,Ist.(Conv),2,grupa1,,0,285
228,2,5,MRICT,1,grupa1,,0,64
229,2,5,MRICT,2,grupa1,,0,66
2267,2,5,MSSSC,1,grupa1,,0,324
2339,2,5,MSSSC,2,grupa1,,0,333
112,1,5,RISE,1,grupa1,,0,21
113,1,5,RISE,2,grupa1,,0,22
114,1,5,RISE,3,grupa1,,0,23
2374,1,5,RISE,3,grupa2,,0,23
2007,1,5,RU,1,grupa1,,0,24
2131,1,5,RU,2,grupa1,,0,25
2199,1,5,RU,3,grupa1,,0,26
256,2,5,TDR,1,grupa1,,1,77
1359,2,5,TDR,1,grupa1,,1,297
257,2,5,TDR,2,grupa1,,1,78
206,2,6,CCB,1,grupa1,,0,57
212,2,6,CCB,2,grupa1,,0,61
2305,2,6,CMIC,1,grupa1,a,0,57
2306,2,6,CMIC,1,grupa1,b,0,57
2370,2,6,CMIC,2,grupa1a,,0,61
2371,2,6,CMIC,2,grupa1b,,0,61
955,3,6,Conv.E,1,grupaE,,0,272
1013,3,6,Conv.E,2,grupaE,,0,276
2382,3,6,Conv.F,1,grupaF,,0,272
1069,3,6,Conv.G,1,grupaG,,0,272
1015,3,6,Conv.G,2,grupaG,,0,276
2383,3,6,Conv.I,1,grupaI,,0,272
956,3,6,Conv.R,1,grupaR,,0,272
2294,3,6,Conv.R,2,grupaR,,0,276
959,3,6,Conv.S,1,grupaS,,0,272
1017,3,6,Conv.S,2,grupaS,,0,276
960,3,6,Conv.U,1,grupaU,,0,272
2137,3,6,Conv.U,2,grupaU,,0,276
638,1,6,CRP,1,CRP1a,,0,290
2295,1,6,CRP,1,CRP1b,,0,290
2296,1,6,CRP,1,CRP2a,,0,290
2297,1,6,CRP,1,CRP2b,,0,290
639,1,6,CRP,2,CRP1,,0,291
2372,1,6,CRP,2,CRP2,,0,291
632,1,6,CRP,3,CRP,,0,292
1009,1,6,EG,1,grupaEG,,0,201
1044,1,6,EG,2,grupaEG,,0,202
2025,1,6,EG,3,grupaEG,,0,203
2019,1,6,EI,1,grupaEI,,0,201
2071,1,6,EI,2,grupaEI,,0,202
629,1,6,EI,3,grupaEI,,0,203
624,1,6,ER,1,grupaER1,,0,201
1145,1,6,ER,1,grupaER2,,0,201
625,1,6,ER,2,grupaER1,,0,202
1193,1,6,ER,2,grupaER2,,0,202
623,1,6,ER,3,grupaER1,,0,203
2293,1,6,ER,3,grupaER2,,0,203
2018,1,6,ES,1,grupaES,,0,201
2070,1,6,ES,2,grupaES,,0,202
1147,1,6,ES,3,grupaES,,0,203
618,1,6,FE,1,grupaFE,,0,201
619,1,6,FE,2,grupaFE,,0,202
617,1,6,FE,3,grupaFE,,0,203
621,1,6,FG,1,grupaFG,,0,201
2291,1,6,FG,2,grupaFG,,0,202
620,1,6,FG,3,grupaFG,,0,203
953,1,6,FI,1,grupaFI,,0,201
1011,1,6,FI,2,grupaFI,,0,202
952,1,6,FS,1,grupaFS,,0,201
1010,1,6,FS,2,grupaFS,,0,202
1045,1,6,FS,3,grupaFS,,0,203
204,2,6,LC,1,grupa1,,0,57
525,2,6,LC,2,grupa1,,0,61
1026,1,6,Litere,1,AP1,,0,277
2130,1,6,Litere,1,AP2,,0,277
205,2,6,LRCE,1,grupa1,,0,57
214,2,6,LRCE,2,grupa1,,0,61
2021,1,6,MD,1,MD1a,_a,0,290
2067,1,6,MD,1,MD1b,_b,0,290
2022,1,6,MD,1,MD2a,_b,0,290
2023,1,6,MD,1,MD2b,_c,0,290
2074,1,6,MD,2,MD1,_a,0,291
2178,1,6,MD,2,MD1,_b,0,291
2076,1,6,MD,2,MD2,_b,0,291
2179,1,6,MD,2,MD2,_c,0,291
2175,1,6,MD,3,MD1,,0,292
2180,1,6,MD,3,MD2,,0,292
606,1,6,RF,1,grupaRF,,0,201
607,1,6,RF,2,grupaRF,,0,202
608,1,6,RF,3,grupaRF,,0,203
2311,1,6,RF (ID),1,grupa 1,,1,331
609,1,6,RG,1,grupaRG,,0,201
610,1,6,RG,2,grupaRG,,0,202
611,1,6,RG,3,grupaRG,,0,203
615,1,6,RI,1,grupaRI,,0,201
616,1,6,RI,2,grupaRI,,0,202
786,1,6,RI,3,grupaRI,,0,203
612,1,6,RS,1,grupaRS,,0,201
613,1,6,RS,2,grupaRS,,0,202
614,1,6,RS,3,grupaRS,,0,203
208,2,6,TPT-F,1,grupa1,,0,57
217,2,6,TPT-F,2,grupa1,,0,61
636,1,6,UE,1,grupaUE,,0,201
2292,1,6,UE,2,grupaUE,,0,202
2369,1,6,UE,3,gupaUE,,0,203
2290,1,6,UF,1,grupaUF,,0,201
630,1,6,UR,1,grupaUR,,0,201
631,1,6,UR,2,grupaUR,,0,202
2368,1,6,UR,3,gupaUR,,0,203
804,2,7,CBME,1,grupa1,,0,224
1231,2,7,CBME,1,grupa2,,0,224
805,2,7,CBME,2,grupa1,,0,225
2058,2,7,CBME,2,grupa2,,0,225
558,1,7,E.P.M.,1,7211,a,0,179
1073,1,7,E.P.M.,1,7211,b,0,179
672,1,7,E.P.M.,2,7221,a,0,180
2060,1,7,E.P.M.,2,7221,b,0,180
668,1,7,E.P.M.,3,7231,a,0,181
1228,1,7,E.P.M.,3,7231,b,0,181
802,2,7,MADF,1,grupa1,,0,222
1229,2,7,MADF,1,grupa2,,0,222
803,2,7,MADF,2,grupa1,,0,223
2059,2,7,MADF,2,grupa2,,0,223
906,1,7,Silvic-ID,1,grupa I,,0,264
907,1,7,Silvic-ID,1,grupa I,a,0,264
1076,1,7,Silvic-ID,1,grupa II,,0,264
1075,1,7,Silvic-ID,1,grupa II,b,0,264
909,1,7,Silvic-ID,2,grupa I,,0,265
1077,1,7,Silvic-ID,2,grupa I,a,0,265
910,1,7,Silvic-ID,2,grupa II,,0,265
1078,1,7,Silvic-ID,2,grupa II,b,0,265
911,1,7,Silvic-ID,3,grupa 1,,0,266
2061,1,7,Silvic-ID,3,grupa 2,,0,266
913,1,7,Silvic-ID,4,grupa 1,,0,267
2062,1,7,Silvic-ID,4,grupa 2,,0,267
536,1,7,Silvicult.,1,7111,a,0,179
537,1,7,Silvicult.,1,7111,b,0,179
538,1,7,Silvicult.,1,7111,c,0,179
539,1,7,Silvicult.,1,7112,a,0,179
540,1,7,Silvicult.,1,7112,b,0,179
541,1,7,Silvicult.,1,7112,c,0,179
544,1,7,Silvicult.,2,7121,a,0,180
545,1,7,Silvicult.,2,7121,b,0,180
546,1,7,Silvicult.,2,7122,a,0,180
547,1,7,Silvicult.,2,7122,b,0,180
550,1,7,Silvicult.,3,7131,a,0,181
551,1,7,Silvicult.,3,7131,b,0,181
552,1,7,Silvicult.,3,7132,a,0,181
553,1,7,Silvicult.,3,7132,b,0,181
554,1,7,Silvicult.,4,7141,a,0,182
555,1,7,Silvicult.,4,7141,b,0,182
556,1,7,Silvicult.,4,7142,a,0,182
1025,1,7,Silvicult.,4,7142,b,0,182
807,1,8,AF,1,grupa,,1,227
368,1,8,AF,1,grupa1,a,0,106
699,1,8,AF,1,grupa1,b,0,106
2229,1,8,AF,1,grupa2,a,0,106
964,1,8,AF,1,grupa2,b,0,106
1204,1,8,AF,1,grupa3,a,0,106
702,1,8,AF,1,grupa3,b,0,106
808,1,8,AF,2,grupa,,1,228
372,1,8,AF,2,grupa1,a,0,107
2350,1,8,AF,2,grupa1,b,0,107
1202,1,8,AF,2,grupa2,a,0,107
2351,1,8,AF,2,grupa2,b,0,107
809,1,8,AF,3,grupa,,1,229
376,1,8,AF,3,grupa1,a,0,108
2352,1,8,AF,3,grupa1,b,0,108
1118,1,8,AF,3,grupa2,a,0,108
2353,1,8,AF,3,grupa2,b,0,108
793,2,8,AFRUO,1,grupa1,,1,213
794,2,8,AFRUO,2,grupa1,,1,214
795,2,8,AGC,1,grupa1,,1,216
796,2,8,AGC,2,grupa1,,1,215
378,1,8,AI,1,grupa1,a,0,109
735,1,8,AI,1,grupa1,b,0,109
381,1,8,AI,2,grupa1,a,0,110
1212,1,8,AI,2,grupa1,b,0,110
383,1,8,AI,3,grupa1,a,0,111
1214,1,8,AI,3,grupa1,b,0,111
385,1,8,AMA,1,grupa1,a,0,112
970,1,8,AMA,1,grupa1,b,0,112
387,1,8,AMA,2,grupa1,a,0,113
1137,1,8,AMA,2,grupa1,b,0,113
1225,1,8,AMA,3,grupa1,a,0,289
1226,1,8,AMA,3,grupa1,b,0,289
813,1,8,AMS,1,grupa,,1,232
814,1,8,AMS,2,grupa,,1,231
815,1,8,AMS,3,grupa,,1,230
389,1,8,AMS,3,grupa1,,0,114
797,2,8,APE,1,grupa1,,1,217
798,2,8,APE,2,grupa1,,1,218
467,2,8,CAFEC,1,grupa1,,1,152
468,2,8,CAFEC,2,grupa1,,1,153
816,1,8,CIG,1,grupa,,1,238
399,1,8,CIG,1,grupa1,a,0,120
720,1,8,CIG,1,grupa1,b,0,120
400,1,8,CIG,1,grupa2,a,0,120
722,1,8,CIG,1,grupa2,b,0,120
401,1,8,CIG,1,grupa3,a,0,120
1132,1,8,CIG,1,grupa3,b,0,120
1133,1,8,CIG,1,grupa4,a,0,120
1134,1,8,CIG,1,grupa4,b,0,120
817,1,8,CIG,2,grupa,,1,237
403,1,8,CIG,2,grupa1,a,0,121
725,1,8,CIG,2,grupa1,b,0,121
404,1,8,CIG,2,grupa2,a,0,121
726,1,8,CIG,2,grupa2,b,0,121
1135,1,8,CIG,2,grupa3,a,0,121
1136,1,8,CIG,2,grupa3,b,0,121
2234,1,8,CIG,2,grupa4,a,0,121
2235,1,8,CIG,2,grupa4,b,0,121
818,1,8,CIG,3,grupa,,1,236
406,1,8,CIG,3,grupa1,a,0,122
730,1,8,CIG,3,grupa1,b,0,122
407,1,8,CIG,3,grupa2,a,0,122
1221,1,8,CIG,3,grupa2,b,0,122
1222,1,8,CIG,3,grupa3,a,0,122
1224,1,8,CIG,3,grupa3,b,0,122
2237,1,8,CIG,3,grupa4,a,0,122
2236,1,8,CIG,3,grupa4,b,0,122
2381,2,8,DDS,1,grupa1,,1,337
858,2,8,DEEF,1,grupa1,,1,247
904,2,8,DEEF,2,grupa 1,a,1,262
791,2,8,EAI,1,grupa1,,1,211
792,2,8,EAI,2,grupa1,,1,212
819,1,8,ECTS,1,grupa,,1,239
419,1,8,ECTS,1,grupa1,a,0,127
2225,1,8,ECTS,1,grupa1,b,0,127
1063,1,8,ECTS,1,grupa2,a,0,127
2226,1,8,ECTS,1,grupa2,b,0,127
820,1,8,ECTS,2,grupa,,1,240
423,1,8,ECTS,2,grupa1,a,0,128
681,1,8,ECTS,2,grupa1,b,0,128
1064,1,8,ECTS,2,grupa2,a,0,128
2227,1,8,ECTS,2,grupa2,b,0,128
821,1,8,ECTS,3,grupa,,1,241
426,1,8,ECTS,3,grupa1,a,0,129
1198,1,8,ECTS,3,grupa1,b,0,129
2348,1,8,ECTS,3,grupa2,a,0,129
2349,1,8,ECTS,3,grupa2,b,0,129
675,1,8,EGCE,1,grupa1,a,0,207
745,1,8,EGCE,1,grupa1,b,0,207
2307,1,8,EGCE,1,grupa2,a,0,207
2308,1,8,EGCE,1,grupa2,b,0,207
847,1,8,EGCE,2,grupa1,a,0,246
1211,1,8,EGCE,2,grupa2,a,0,246
774,1,8,EGCE,3,grupa1,a,0,210
2354,1,8,EGCE,3,grupa1,b,0,210
2355,1,8,EGCE,3,grupa2,a,0,210
2135,1,8,EGCE,3,grupa2,b,0,210
429,1,8,FB,1,grupa1,a,0,130
710,1,8,FB,1,grupa1,b,0,130
430,1,8,FB,1,grupa2,a,0,130
1126,1,8,FB,1,grupa2,b,0,130
1254,1,8,FB,1,grupa3,a,0,130
1255,1,8,FB,1,grupa3,b,0,130
433,1,8,FB,2,grupa1,a,0,131
1128,1,8,FB,2,grupa1,b,0,131
434,1,8,FB,2,grupa2,a,0,131
1129,1,8,FB,2,grupa2,b,0,131
2301,1,8,FB,2,grupa3,a,0,131
2302,1,8,FB,2,grupa3,b,0,131
437,1,8,FB,3,grupa1,a,0,132
1130,1,8,FB,3,grupa1,b,0,132
996,1,8,FB,3,grupa2,a,0,132
1131,1,8,FB,3,grupa2,b,0,132
2358,1,8,FB,3,grupa3,a,0,132
2359,1,8,FB,3,grupa3,b,0,132
2136,2,8,GDE,1,grupa1,,1,307
2238,2,8,GDE,2,grupa1,,1,319
442,1,8,IEc,1,grupa1,a,0,133
743,1,8,IEc,1,grupa1,b,0,133
1119,1,8,IEc,1,grupa2,a,0,133
1120,1,8,IEc,1,grupa2,b,0,133
441,1,8,IEc,2,grupa1,a,0,134
742,1,8,IEc,2,grupa1,b,0,134
992,1,8,IEc,2,grupa2,a,0,134
993,1,8,IEc,2,grupa2,b,0,134
1207,1,8,IEc,2,grupa3,a,0,134
1208,1,8,IEc,2,grupa3,b,0,134
845,1,8,IEc,3,grupa1,a,0,245
846,1,8,IEc,3,grupa1,b,0,245
2299,1,8,IEc,3,grupa2,a,0,245
2300,1,8,IEc,3,grupa2,b,0,245
465,2,8,MAAF,1,grupa1,,1,150
466,2,8,MAAF,2,grupa1,,1,151
471,2,8,MAAFAD,1,grupa1,,1,156
472,2,8,MAAFAD,2,grupa1,,1,157
461,2,8,MFCTS,1,grupa1,,1,138
462,2,8,MFCTS,2,grupa1,,1,139
2303,1,8,MI,1,grupa1,a,0,329
2304,1,8,MI,1,grupa1,b,0,329
2360,1,8,MI,2,grupa1,a,0,335
2361,1,8,MI,2,grupa1,b,0,335
443,1,8,MNG,1,grupa1,a,0,135
1217,1,8,MNG,1,grupa1,b,0,135
689,1,8,MNG,1,grupa2,a,0,135
1218,1,8,MNG,1,grupa2,b,0,135
450,1,8,MNG,2,grupa1,a,0,137
1219,1,8,MNG,2,grupa1,b,0,137
2356,1,8,MNG,2,grupa2,a,0,137
2357,1,8,MNG,2,grupa2,b,0,137
447,1,8,MNG,3,grupa1,a,0,136
693,1,8,MNG,3,grupa1,b,0,136
975,2,8,NTPDM,0,grupa1,,1,273
463,2,8,PLANNING,1,grupa1,,1,148
464,2,8,PLANNING,2,grupa1,,1,149
2217,2,9,CSEE,1,grupa1,,0,73
252,2,9,CSEE,1,grupa2,,0,73
1227,2,9,CSEE,1,grupa3,,0,73
900,2,9,CSEE,2,grupa1,,0,72
2345,2,9,CSEE,2,grupa2,,0,72
250,2,9,MIE,1,grupa1,,0,73
1085,2,9,MIE,1,grupa2,,0,73
2343,2,9,MIE,1,grupa3,,0,73
247,2,9,MIE,2,grupa1,,0,72
2344,2,9,MIE,2,grupa2,,0,72
135,1,9,PIPP,1,grupa1,a,0,27
1294,1,9,PIPP,1,grupa1,b,0,27
136,1,9,PIPP,1,grupa2,a,0,27
1295,1,9,PIPP,1,grupa2,b,0,27
779,1,9,PIPP,1,grupa3,a,0,27
1296,1,9,PIPP,1,grupa3,b,0,27
2116,1,9,PIPP,1,grupa4,a,0,27
783,1,9,PIPP,1,grupa5,,1,82
140,1,9,PIPP,2,grupa1,,0,28
141,1,9,PIPP,2,grupa2,,0,28
855,1,9,PIPP,2,grupa3,,0,28
784,1,9,PIPP,2,grupa5,,1,83
142,1,9,PIPP,3,grupa1,a,0,29
1302,1,9,PIPP,3,grupa1,b,0,29
501,1,9,PIPP,3,grupa2,a,0,29
1303,1,9,PIPP,3,grupa2,b,0,29
665,1,9,PIPP,3,grupa3,a,0,29
1304,1,9,PIPP,3,grupa3,b,0,29
785,1,9,PIPP,3,grupa6,,1,84
145,1,9,PIPP-Conv.,1,grupa6,,1,86
899,1,9,PIPP-Conv.,1,grupa7,,1,261
977,1,9,PIPP-Conv.,1,grupa8,,1,275
926,1,9,PIPP-Conv.,2,grupa6,,1,268
927,1,9,PIPP-Conv.,2,grupa7,,1,269
2242,1,9,PIPP-Conv.,2,grupa8,,1,321
1166,1,9,Psih,1,grupa1,a,0,27
1297,1,9,Psih,1,grupa1,b,0,27
1167,1,9,Psih,1,grupa2,a,0,27
2002,1,9,Psih,2,grupa1,a,0,28
2027,1,9,Psih,2,grupa1,b,0,28
2028,1,9,Psih,2,grupa2,a,0,28
2121,1,9,Psih,3,grupa1,,0,29
2122,1,9,Psih,3,grupa2,,0,29
2380,2,9,RIEC,2,_,,0,336
810,1,10,AP,1,grupa-ID-1,,1,233
391,1,10,AP,1,grupa1,,0,115
967,1,10,AP,1,grupa2,,0,115
392,1,10,AP,1,grupa3,,0,115
1159,1,10,AP,1,grupa4,,0,115
811,1,10,AP,2,grupa-ID-1,,1,234
393,1,10,AP,2,grupa1,a,0,116
1161,1,10,AP,2,grupa1,b,0,116
968,1,10,AP,2,grupa2,a,0,116
1162,1,10,AP,2,grupa2,b,0,116
1107,1,10,AP,2,grupa3,a,0,116
812,1,10,AP,3,grupa-ID-1,,1,235
395,1,10,AP,3,grupa1,,0,117
990,1,10,AP,3,grupa2,,0,117
2338,1,10,AP,3,grupa3,,0,117
2204,1,10,DEI,1,grupa1,,0,316
2205,1,10,DEI,1,grupa2,,0,316
2099,1,10,DEI,2,grupa1,a,0,302
2207,1,10,DEI,2,grupa1,b,0,302
2100,1,10,DEI,2,grupa2,a,0,302
2287,1,10,DEI,3,grupa1,,0,327
2288,1,10,DEI,3,grupa2,,0,327
2337,1,10,DEI,4,grupa1,,0,332
905,2,10,DPC,1,grupa 1,a,1,263
1109,2,10,DPC,1,grupa 2,,1,281
2126,2,10,DPC,2,grupa 1,,1,303
2127,2,10,DPC,2,grupa 2,,1,304
776,1,10,Drept,1,grupa1,,0,123
777,1,10,Drept,1,grupa2,,0,123
778,1,10,Drept,1,grupa3,,0,123
1105,1,10,Drept,1,grupa4,,0,123
411,1,10,Drept,2,grupa1,,0,124
412,1,10,Drept,2,grupa2,,0,124
1023,1,10,Drept,2,grupa3,,0,124
2031,1,10,Drept,2,grupa4,,0,124
414,1,10,Drept,3,grupa1,,0,125
415,1,10,Drept,3,grupa2,,0,125
1158,1,10,Drept,3,grupa3,,0,125
417,1,10,Drept,4,grupa1,,0,126
418,1,10,Drept,4,grupa2,,0,126
2033,1,10,Drept,4,grupa3,,0,126
469,2,10,MAE,1,grupa1,,1,154
1110,2,10,MAE,1,grupa2,,1,282
2105,2,10,MAE,1,grupa3,,1,305
470,2,10,MAE,2,grupa1,,1,155
1111,2,10,MAE,2,grupa2,,1,283
2210,2,10,MAE,2,grupa3,,1,317
1049,1,10,PL,1,grupa1,a,0,278
1050,1,10,PL,1,grupa1,b,0,278
1051,1,10,PL,1,grupa2,a,0,278
1108,1,10,PL,2,grupa1,,0,280
2103,1,10,PL,2,grupa2,,0,280
1165,1,10,PL,3,grupa1,,0,287
2104,1,10,PL,3,grupa2,,0,287
479,3,20,I-Postuniv,1,grupa1,,1,160
480,3,20,I-Postuniv,1,grupa2,,1,161
862,3,20,I-Postuniv,1,grupa3,,1,248
863,3,20,I-Postuniv,1,grupa4,,1,249
864,3,20,I-Postuniv,1,grupa5,,1,250
865,3,20,I-Postuniv,1,grupa6,,1,251
481,3,20,II-Postuni,2,grupa1,,1,162
866,3,20,II-Postuni,2,grupa2,,1,252
867,3,20,II-Postuni,2,grupa3,,1,253
868,3,20,II-Postuni,2,grupa4,,1,254
869,3,20,II-Postuni,2,grupa5,,1,255
870,3,20,II-Postuni,2,grupa6,,1,256
1169,1,21,AMG,1,1511,i,0,209
1170,1,21,AMG,1,1511,j,0,209
2038,1,21,AMG,1,1512,k,0,209
1172,1,21,AMG,1,1512,l,0,209
2315,1,21,AMG,1,1513,m,0,209
1245,1,21,AMG,2,1521,e,0,242
1246,1,21,AMG,2,1521,f,0,242
1247,1,21,AMG,2,1522,g,0,242
1248,1,21,AMG,2,1522,h,0,242
2282,1,21,AMG,2,1523,i,0,242
2283,1,21,AMG,2,1523,j,0,242
2087,1,21,AMG,3,1531,f,0,257
2086,1,21,AMG,3,1531,g,0,257
2088,1,21,AMG,3,1532,h,0,257
2273,1,21,AMG,3,1532,i,0,257
2272,1,21,AMG,3,1533,j,0,257
2155,1,21,AMG,3,1533,k,0,257
2164,1,21,AMG,4,1541,a,0,310
2165,1,21,AMG,4,1541,b,0,310
2167,1,21,AMG,4,1542,c,0,310
2166,1,21,AMG,4,1542,d,0,310
2269,1,21,AMG,4,1543,e,0,310
2319,1,21,AMG,4,1543,f,0,310
2157,1,21,BC,1,1811,c,0,300
2168,1,21,BC,1,1811,d,0,300
2317,1,21,BC,1,1812,e,0,300
2280,1,21,BC,2,1821,c,0,308
2281,1,21,BC,2,1821,d,0,308
2320,1,21,BC,3,1831,c,0,326
759,1,21,BFKT,1,1311,a,0,209
760,1,21,BFKT,1,1311,b,0,209
2312,1,21,BFKT,1,1312,c,0,209
2313,1,21,BFKT,1,1313,d,0,209
822,1,21,BFKT,2,1321,a,0,242
2284,1,21,BFKT,2,1321,b,0,242
872,1,21,BFKT,3,1331,a,0,257
873,1,21,BFKT,3,1331,b,0,257
2270,1,21,BFKT,3,1331,c,0,257
2316,1,21,BIO,1,1611,a,0,300
2156,1,21,BIO,1,1612,b,0,300
2158,1,21,BIO,2,1621,a,0,308
2279,1,21,BIO,2,1621,b,0,308
2274,1,21,BIO,3,1631,a,0,326
2321,1,21,BIO,3,1631,b,0,326
2322,1,21,MED,1,1911,n,0,209
2323,1,21,MED,1,1911,o,0,209
2324,1,21,MED,1,1912,p,0,209
2326,1,21,MED,1,1913,r,0,209
761,1,21,ND,1,1411,e,0,209
762,1,21,ND,1,1411,f,0,209
2314,1,21,ND,1,1412,g,0,209
824,1,21,ND,2,1421,c,0,242
825,1,21,ND,2,1421,d,0,242
874,1,21,ND,3,1431,d,0,257
1250,1,21,ND,3,1431,e,0,257
2095,2,21,NRM,1,grupa 1,a,0,301
2096,2,21,NRM,1,grupa 1,b,0,301
2162,2,21,NRM,2,grupa 1,a,0,309
2163,2,21,NRM,2,grupa 1,b,0,309
2092,1,21,TD,1,1711,f,0,300
2093,1,21,TD,1,1711,g,0,300
2094,1,21,TD,1,1712,h,0,300
2318,1,21,TD,1,1712,i,0,300
2160,1,21,TD,2,1721,e,0,308
2159,1,21,TD,2,1721,f,0,308
2161,1,21,TD,2,1722,g,0,308
2276,1,21,TD,3,1731,d,0,326
2277,1,21,TD,3,1731,e,0,326
2278,1,21,TD,3,1731,f,0,326
2384,3,22,SDSAI,1,_,,0,338
2386,3,22,SDSSU,1,_,,0,338
